Policy_Request,Update_Policies,3,Lacking_Policy_Credentials,1553607878.933008
Policy_Request,Update_Policies,3,Lacking_Policy_Credentials,1553608015.2333627
Policy_Request,Update_Policies,3,Lacking_Policy_Credentials,1553608046.616614
Policy_Request,Update_Policies,3,Lacking_Policy_Credentials,1553608238.5504813
Item_Request,List_of_Devices,1,NULL,1553684384.2903388
Item_Request,List_of_Devices,1,NULL,1553684407.2885234
Item_Request,List_of_Item_Options,1,NULL,1553684409.8709483
Item_Request,List_of_Devices,1,NULL,1553684412.048384
Analytics_Request,Request_Analytics,1,NULL,1553686223.484196
Analytics_Request,Request_Analytics,1,NULL,1553686229.5486758
Analytics_Request,Request_Analytics,1,NULL,1553686230.7375596
Analytics_Request,Request_Analytics,1,NULL,1553686231.6529837
Analytics_Request,Request_Analytics,1,NULL,1553686232.597417
Analytics_Request,Request_Analytics,1,NULL,1553686364.0944304
Analytics_Request,Request_Analytics,1,NULL,1553686401.157734
Analytics_Request,Request_Analytics,1,NULL,1553686550.8913143
Analytics_Request,Request_Analytics,1,NULL,1553688972.508566
Analytics_Request,Request_Analytics,1,NULL,1553688999.129635
Analytics_Request,Request_Analytics,1,NULL,1553689056.5864263
Analytics_Request,Request_Analytics,1,NULL,1553689180.6931794
Analytics_Request,Request_Analytics,1,NULL,1553689430.689684
Analytics_Request,Request_Analytics,1,NULL,1553690253.716885
Analytics_Request,Request_Analytics,1,NULL,1553690897.764812
Analytics_Request,Request_Analytics,1,NULL,1553690936.2002978
Analytics_Request,Request_Analytics,1,NULL,1553690942.6466422
Analytics_Request,Request_Analytics,1,NULL,1553691090.6479404
Analytics_Request,Request_Analytics,1,NULL,1553691113.1728613
Analytics_Request,Request_Analytics,1,NULL,1553691141.639207
Analytics_Request,Request_Analytics,1,NULL,1553691188.9802442
Analytics_Request,Request_Analytics,1,NULL,1553691264.695453
Analytics_Request,Request_Analytics,1,NULL,1553691315.9303985
Analytics_Request,Request_Analytics,1,NULL,1553695938.8801994
Analytics_Request,Request_Analytics,1,NULL,1553695978.5925193
Analytics_Request,Request_Analytics,1,NULL,1553696218.0771828
Analytics_Request,Request_Analytics,1,NULL,1553696356.5409229
Analytics_Request,Request_Analytics,1,NULL,1553862156.0380244
Policy_Request,Get_Valid_Policies_For_Items,1,NULL,1553862489.4768014
Policy_Request,Add_Policy,1,NULL,1553862505.9846926
Policy_Request,Get_Valid_Policies_For_Items,1,NULL,1553862506.0076263
Item_Request,List_of_Devices,1,NULL,1553870560.2431834
Item_Request,List_of_Item_Options,1,NULL,1553870563.7000673
Item_Request,List_of_Devices,1,NULL,1553870565.514576
Item_Request,List_of_Item_Options,1,NULL,1553870695.706586
Item_Request,List_of_Devices,1,NULL,1553870699.3133628
Item_Request,List_of_Item_Options,1,NULL,1553870756.1395066
Item_Request,List_of_Devices,1,NULL,1553870758.9287188
Item_Request,List_of_Devices,1,NULL,1553871410.2801654
Item_Request,List_of_Item_Options,1,NULL,1553871413.6088
Item_Request,List_of_Devices,1,NULL,1553871416.8294106
Item_Request,List_of_Item_Options,1,NULL,1553871478.8821406
Item_Request,List_of_Devices,1,NULL,1553871480.729096
Item_Request,List_of_Devices,1,NULL,1553875228.8084695
Item_Request,List_of_Item_Options,1,NULL,1553875231.5237203
Item_Request,List_of_Devices,1,NULL,1553875234.1365347
Item_Request,List_of_Item_Options,1,NULL,1553875292.0509732
Item_Request,List_of_Devices,1,NULL,1553875294.6030464
Item_Request,List_of_Item_Options,1,NULL,1553875829.200872
Item_Request,Update_Item_State,3,Lacking_Policy_Credentials,1553875831.8848424
Item_Request,List_of_Devices,1,NULL,1553875831.904818
Item_Request,List_of_Item_Options,1,NULL,1553877306.8751493
Item_Request,List_of_Devices,1,NULL,1553877309.4003272
Item_Request,List_of_Item_Options,1,NULL,1553877380.7189465
Item_Request,List_of_Devices,1,NULL,1553877383.4828544
Item_Request,List_of_Item_Options,1,NULL,1553877553.134663
Item_Request,List_of_Devices,1,NULL,1553877554.6526196
Item_Request,List_of_Item_Options,1,NULL,1553877594.6299198
Item_Request,List_of_Devices,1,NULL,1553877598.759168
Item_Request,List_of_Item_Options,1,NULL,1553879406.4591637
Item_Request,List_of_Devices,1,NULL,1553879408.8114007
Item_Request,List_of_Item_Options,1,NULL,1553879451.5642169
Item_Request,List_of_Devices,1,NULL,1553879454.627991
Item_Request,List_of_Item_Options,1,NULL,1553879497.2341638
Item_Request,List_of_Devices,1,NULL,1553879499.8117394
Item_Request,List_of_Item_Options,1,NULL,1553879522.9235063
Item_Request,List_of_Devices,1,NULL,1553879546.7668087
Item_Request,List_of_Item_Options,1,NULL,1553879566.5516462
Item_Request,Update_Item_State,1,NULL,1553879569.8884552
Item_Request,List_of_Devices,1,NULL,1553879569.935089
Item_Request,List_of_Item_Options,1,NULL,1553879718.481982
Item_Request,Update_Item_State,1,NULL,1553879722.6313133
Item_Request,List_of_Devices,1,NULL,1553879722.6476493
Item_Request,List_of_Item_Options,1,NULL,1553879844.4629157
Item_Request,Update_Item_State,1,NULL,1553879846.0413983
Item_Request,List_of_Devices,1,NULL,1553879846.090859
Analytics_Request,Request_Analytics,1,NULL,1553959424.743118
Analytics_Request,Request_Analytics,1,NULL,1553959467.8661406
Analytics_Request,Request_Analytics,1,NULL,1553960294.2661827
Analytics_Request,Request_Analytics,1,NULL,1553960598.9343264
Analytics_Request,Request_Analytics,1,NULL,1553961000.7346637
Analytics_Request,Request_Analytics,1,NULL,1553961010.2127666
Analytics_Request,Request_Analytics,1,NULL,1553961027.3454275
Analytics_Request,Request_Analytics,1,NULL,1553961089.4106383
Analytics_Request,Request_Analytics,1,NULL,1553961794.7480485
Analytics_Request,Request_Analytics,1,NULL,1553961964.4621208
Analytics_Request,Request_Analytics,1,NULL,1553962034.1335135
Analytics_Request,Request_Analytics,5,Request_Type_Unavailable,1553962239.5024264
Analytics_Request,Request_Analytics,1,NULL,1553962347.6696336
Analytics_Request,Request_Analytics,1,NULL,1553962364.0528357
Analytics_Request,Request_Analytics,1,NULL,1553962392.3586714
Analytics_Request,Request_Analytics,1,NULL,1553962467.6714156
Analytics_Request,Request_Analytics,1,NULL,1553962508.1326237
Analytics_Request,Request_Analytics,1,NULL,1553962921.8792748
Analytics_Request,Request_Analytics,1,NULL,1553963096.271227
Analytics_Request,Request_Analytics,1,NULL,1553963153.0860298
Analytics_Request,Request_Analytics,1,NULL,1553963183.2400687
Analytics_Request,Request_Analytics,1,NULL,1553963205.5927498
Analytics_Request,Request_Analytics,1,NULL,1553964081.64677
Analytics_Request,Request_Analytics,1,NULL,1553964196.9903197
Analytics_Request,Request_Analytics,1,NULL,1553964217.5151935
Analytics_Request,Request_Analytics,1,NULL,1553964255.6177309
Analytics_Request,Request_Analytics,1,NULL,1553964306.7330713
Analytics_Request,Request_Analytics,1,NULL,1553964311.7948442
Analytics_Request,Request_Analytics,1,NULL,1553964452.019162
Item_Request,List_of_Devices,1,NULL,1554134929.9743445
Policy_Request,Get_Valid_Policies_For_Items,1,NULL,1554134962.4263775
Analytics_Request,Request_Analytics,1,NULL,1554134985.823072
Item_Request,List_of_Devices,1,NULL,1554207005.3328588
Item_Request,List_of_Item_Options,1,NULL,1554207008.5853033
Item_Request,Update_Item_State,1,NULL,1554207010.1633728
Item_Request,List_of_Devices,1,NULL,1554207010.2320664
Policy_Request,Get_Valid_Policies_For_Items,1,NULL,1554207399.539923
Policy_Request,Add_Policy,1,NULL,1554207406.930877
Policy_Request,Get_Valid_Policies_For_Items,1,NULL,1554207406.9654558
Policy_Request,Get_All_Policies,1,NULL,1554207426.17857
Policy_Request,Edit_Policy,Unsure,Policy_Does_Not_Exist,1554207434.461301
Policy_Request,Get_Valid_Policies_For_Items,1,NULL,1554207434.4856362
Policy_Request,Get_All_Policies,1,NULL,1554207541.6871474
Policy_Request,Edit_Policy,Unsure,Policy_Does_Not_Exist,1554207547.6838303
Policy_Request,Get_Valid_Policies_For_Items,1,NULL,1554207547.7141054
Policy_Request,Get_All_Policies,1,NULL,1554207702.4617703
Policy_Request,Edit_Policy,Unsure,Policy_Does_Not_Exist,1554207707.1722105
Policy_Request,Get_Valid_Policies_For_Items,1,NULL,1554207707.2079744
Policy_Request,Get_All_Policies,1,NULL,1554207833.3711565
Policy_Request,Edit_Policy,1,NULL,1554207838.5931969
Policy_Request,Get_Valid_Policies_For_Items,1,NULL,1554207838.6101284
Policy_Request,Get_All_Policies,1,NULL,1554207860.350943
Policy_Request,Get_All_Policies,1,NULL,1554208120.566241
Policy_Request,Get_Valid_Policies_For_Items,1,NULL,1554208125.2026129
Policy_Request,Get_All_Policies,1,NULL,1554208126.8890393
Policy_Request,Get_All_Policies,1,NULL,1554208187.7567275
Policy_Request,Get_All_Policies,1,NULL,1554208240.016336
Policy_Request,Get_All_Policies,1,NULL,1554208270.7819707
Policy_Request,Get_Valid_Policies_For_Items,1,NULL,1554208446.0200968
Policy_Request,Get_All_Policies,1,NULL,1554208454.2293878
Policy_Request,Delete_Policy,1,NULL,1554208457.597643
Policy_Request,Get_Valid_Policies_For_Items,1,NULL,1554208457.6304185
Policy_Request,Get_Valid_Policies_For_Items,1,NULL,1554209367.5472245
Policy_Request,Get_All_Policies,1,NULL,1554209370.612815
Policy_Request,Delete_Policy,1,NULL,1554209374.45583
Policy_Request,Get_Valid_Policies_For_Items,1,NULL,1554209374.4868572
Policy_Request,Get_All_Policies,1,NULL,1554209405.9018004
Policy_Request,Get_All_Policies,1,NULL,1554209441.1022837
Policy_Request,Delete_Policy,1,NULL,1554209444.4593384
Policy_Request,Get_Valid_Policies_For_Items,1,NULL,1554209444.4907908
Policy_Request,Get_All_Policies,1,NULL,1554209456.1933377
Policy_Request,Delete_Policy,1,NULL,1554209459.3747392
Policy_Request,Get_Valid_Policies_For_Items,1,NULL,1554209459.4091036
Policy_Request,Get_All_Policies,1,NULL,1554209463.6880026
Item_Request,List_of_Devices,1,NULL,1554210480.0771508
Policy_Request,Get_Valid_Policies_For_Items,1,NULL,1554210507.801514
Policy_Request,Add_Policy,Unsure,Policy_Already_Exists,1554210541.2193475
Policy_Request,Get_Valid_Policies_For_Items,1,NULL,1554210541.2609792
Policy_Request,Add_Policy,Unsure,Policy_Already_Exists,1554210593.5545413
Policy_Request,Get_Valid_Policies_For_Items,1,NULL,1554210593.5835648
Policy_Request,Add_Policy,Unsure,Policy_Already_Exists,1554210609.3570812
Policy_Request,Get_Valid_Policies_For_Items,1,NULL,1554210609.3944175
Policy_Request,Add_Policy,Unsure,Policy_Already_Exists,1554210669.9762154
Policy_Request,Get_Valid_Policies_For_Items,1,NULL,1554210670.010589
Policy_Request,Add_Policy,Unsure,Policy_Already_Exists,1554210879.8865042
Policy_Request,Get_Valid_Policies_For_Items,1,NULL,1554210879.9053605
Policy_Request,Add_Policy,1,NULL,1554210999.8415809
Policy_Request,Get_Valid_Policies_For_Items,1,NULL,1554210999.8740718
Item_Request,List_of_Devices,1,NULL,1554211528.4478962
Item_Request,List_of_Devices,1,NULL,1554211579.9021301
Item_Request,List_of_Item_Options,1,NULL,1554211583.9291263
Item_Request,Update_Item_State,1,NULL,1554211585.153847
Item_Request,List_of_Devices,1,NULL,1554211585.2228281
Item_Request,List_of_Devices,1,NULL,1554211588.3222983
Policy_Request,Get_Valid_Policies_For_Items,1,NULL,1554211590.8334215
Policy_Request,Get_All_Policies,1,NULL,1554211593.4384906
Policy_Request,Edit_Policy,1,NULL,1554211602.3648303
Policy_Request,Get_Valid_Policies_For_Items,1,NULL,1554211602.4258883
Analytics_Request,Request_Analytics,1,NULL,1554211777.3114672
Analytics_Request,Request_Analytics,1,NULL,1554211790.0694473
Analytics_Request,Request_Analytics,1,NULL,1554211801.199201
Analytics_Request,Request_Analytics,1,NULL,1554211946.957381
Analytics_Request,Request_Analytics,1,NULL,1554211956.3261971
Item_Request,List_of_Devices,1,NULL,1554215736.783204
Item_Request,List_of_Devices,1,NULL,1554220489.0264568
Item_Request,List_of_Item_Options,1,NULL,1554220492.1815548
Item_Request,Update_Item_State,3,Lacking_Policy_Credentials,1554220500.1433477
Item_Request,List_of_Devices,1,NULL,1554220500.2335546
Item_Request,List_of_Item_Options,1,NULL,1554220523.2763832
Item_Request,Update_Item_State,2,Not_Correctly_Encrypted,1554220525.4223454
Item_Request,List_of_Devices,1,NULL,1554220525.4365933
Item_Request,List_of_Item_Options,1,NULL,1554220653.8338687
Item_Request,Update_Item_State,1,NULL,1554220655.317844
Item_Request,List_of_Devices,1,NULL,1554220655.3328638
Item_Request,List_of_Item_Options,1,NULL,1554220837.783798
Item_Request,Update_Item_State,1,NULL,1554220839.2884393
Item_Request,List_of_Devices,1,NULL,1554220839.304323
Policy_Request,Get_Valid_Policies_For_Items,1,NULL,1554221225.3016367
Policy_Request,Update_Policies,2,Not_Correctly_Encrypted,1554221232.824597
Policy_Request,Get_Valid_Policies_For_Items,1,NULL,1554221232.831981
Policy_Request,Update_Policies,2,Not_Correctly_Encrypted,1554221485.736941
Policy_Request,Get_Valid_Policies_For_Items,1,NULL,1554221485.744982
Policy_Request,Update_Policies,2,Not_Correctly_Encrypted,1554221547.8465033
Policy_Request,Get_Valid_Policies_For_Items,1,NULL,1554221547.8540168
Policy_Request,Add_Policy,1,NULL,1554221655.5612528
Policy_Request,Get_Valid_Policies_For_Items,1,NULL,1554221655.5687714
Policy_Request,Get_All_Policies,1,NULL,1554221789.0832536
Policy_Request,Edit_Policy,1,NULL,1554221807.8361313
Policy_Request,Get_Valid_Policies_For_Items,1,NULL,1554221807.8463244
Policy_Request,Get_All_Policies,1,NULL,1554221901.1697645
Policy_Request,Delete_Policy,1,NULL,1554221904.1393664
Policy_Request,Get_Valid_Policies_For_Items,1,NULL,1554221904.1511767
Analytics_Request,Request_Analytics,1,NULL,1554222065.8897934
Analytics_Request,Request_Analytics,1,NULL,1554222172.004155
